Comunidad Autonoma;Provincia
Andalucía;Almería
Andalucía;Cádiz
Andalucía;Córdoba
Andalucía;Granada
Andalucía;Huelva
Andalucía;Jaén
Andalucía;Málaga
Andalucía;Sevilla
Aragón;Huesca
Aragón;Teruel
Aragón;Zaragoza
Asturias, Principado de;Asturias
Balears, Illes;Balears, Illes
Canarias;Palmas, Las
Canarias;Santa Cruz de Tenerife
Cantabria;Cantabria
Castilla y León;Ávila
Castilla y León;Burgos
Castilla y León;León
Castilla y León;Palencia
Castilla y León;Salamanca
Castilla y León;Segovia
Castilla y León;Soria
Castilla y León;Valladolid
Castilla y León;Zamora
Castilla-La Mancha;Albacete
Castilla-La Mancha;Ciudad Real
Castilla-La Mancha;Cuenca
Castilla-La Mancha;Guadalajara
Castilla-La Mancha;Toledo
Cataluña;Barcelona
Cataluña;Girona
Cataluña;Lleida
Cataluña;Tarragona
Comunitat Valenciana;Alicante/Alacant
Comunitat Valenciana;Castellón/Castelló
Comunitat Valenciana;Valencia/València
Extremadura;Badajoz
Extremadura;Cáceres
Galicia;Coruña, A
Galicia;Lugo
Galicia;Ourense
Galicia;Pontevedra
Madrid, Comunidad de;Madrid
Murcia, Región de;Murcia
Navarra, Comunidad Foral de;Navarra
País Vasco;Araba/Álava
País Vasco;Bizkaia
País Vasco;Gipuzkoa
Rioja, La;Rioja, La
Ceuta;Ceuta
Melilla;Melilla
